episode_id,season,episode,painting_title ,colors,subjects
S01E01,01,01,A walk in the woods,,"BUSHES,DECIDUOUS,GRASS,RIVER,TREE,TREES"
S01E02,01,02,Mt mckinley,,"CABIN,CLOUDS,CONIFER,MOUNTAIN,SNOW,SNOWY_MOUNTAIN,TREE,TREES,WINTER"
S01E03,01,03,Ebony sunset,,"CABIN,CONIFER,FENCE,MOUNTAIN,MOUNTAINS,STRUCTURE,SUN,TREE,TREES,WINTER"
S01E04,01,04,Winter mist,,"BUSHES,CLOUDS,CONIFER,LAKE,MOUNTAIN,SNOWY_MOUNTAIN,TREE,TREES"
S01E05,01,05,Quiet stream,,"DECIDUOUS,RIVER,ROCKS,TREE,TREES"
S01E06,01,06,Winter moon,,"CABIN,CONIFER,LAKE,MOON,MOUNTAIN,MOUNTAINS,NIGHT,SNOW,SNOWY_MOUNTAIN,STRUCTURE,TREE,TREES,WINTER"
S01E07,01,07,Autumn mountains,,"DECIDUOUS,LAKE,MOUNTAIN,MOUNTAINS,SNOWY_MOUNTAIN,TREE,TREES"
S01E08,01,08,Peaceful valley,,"BUSHES,CONIFER,LAKE,MOUNTAIN,MOUNTAINS,TREE,TREES"
S01E09,01,09,Seascape,,"CLOUDS,FENCE,OCEAN"
S01E10,01,10,Mountain lake,,"BUSHES,CONIFER,DECIDUOUS,LAKE,MOUNTAIN,TREE,TREES"
S01E11,01,11,Winter glow,,"DECIDUOUS,LAKE,TREE,TREES"
S01E12,01,12,Snowfall,,"CIRRUS,CLOUDS,CONIFER,LAKE,MOUNTAIN,MOUNTAINS,SNOWY_MOUNTAIN,TREE,TREES"
S01E13,01,13,Final reflections,,"BUSHES,CONIFER,DECIDUOUS,GRASS,MOUNTAIN,SNOWY_MOUNTAIN,TREE,TREES"
S02E01,02,01,Meadow lake,,"BUSHES,CONIFER,CUMULUS,DECIDUOUS,GRASS,LAKE,MOUNTAIN,SNOWY_MOUNTAIN,TREE,TREES"
S02E02,02,02,Winter sun,,"CONIFER,LAKE,SNOW,SUN,TREE,TREES"
S02E03,02,03,Ebony sea,,"CLOUDS,CUMULUS,DECIDUOUS,OCEAN,SUN,TREE,TREES,WAVES"
S02E04,02,04,Shades of grey,,"BUSHES,CABIN,CLOUDS,CONIFER,CUMULUS,DECIDUOUS,LAKE,MOUNTAIN,MOUNTAINS,SNOW,SNOWY_MOUNTAIN,STRUCTURE,TREE,TREES"
S02E05,02,05,Autumn splendor,,"BUSHES,DECIDUOUS,GRASS,LAKE,TREE,TREES"
S02E06,02,06,Black river,,"BUSHES,CLOUDS,CUMULUS,DECIDUOUS,GRASS,RIVER,TREE,TREES"
S02E07,02,07,Brown mountain,,"CLOUDS,CONIFER,CUMULUS,GRASS,LAKE,MOUNTAIN,MOUNTAINS,TREE,TREES"
S02E08,02,08,Reflections,,"BUSHES,CIRRUS,CLOUDS,CONIFER,LAKE,MOUNTAIN,SNOWY_MOUNTAIN,TREE,TREES"
S02E09,02,09,Black white seascape,,"CIRRUS,CUMULUS,DECIDUOUS,OCEAN,ROCKS,SUN,TREE,TREES,WAVES"
S02E10,02,10,Lazy river,,"DECIDUOUS,GRASS,RIVER,TREE,TREES"
S02E11,02,11,Black waterfall,,"BUSHES,CLOUDS,CONIFER,CUMULUS,DECIDUOUS,GRASS,RIVER,ROCKS,TREE,TREES,WATERFALL"
S02E12,02,12,Mountain waterfall,,"DECIDUOUS,GRASS,LAKE,MOUNTAIN,MOUNTAINS,SNOWY_MOUNTAIN,TREE,TREES,WATERFALL"
S02E13,02,13,Final grace,,"BUSHES,CLOUDS,CONIFER,CUMULUS,LAKE,MOUNTAIN,MOUNTAINS,SNOWY_MOUNTAIN,TREE,TREES"
S03E01,03,01,Mountain retreat,,"BUSHES,CABIN,CONIFER,DECIDUOUS,LAKE,MOUNTAIN,MOUNTAINS,STRUCTURE,TREE,TREES"
S03E02,03,02,Blue moon,,"CLOUDS,CUMULUS,MOON,NIGHT,OCEAN,PALM_TREES,TREE,TREES,WAVES"
S03E03,03,03,Bubbling stream,,"DECIDUOUS,GRASS,RIVER,ROCKS,TREE,TREES"
S03E04,03,04,Winter night,,"CABIN,CONIFER,SNOW,STRUCTURE,TREE,TREES,WINTER"
S03E05,03,05,Distant hills,,"CIRRUS,CLOUDS,CONIFER,DECIDUOUS,HILLS,LAKE,MOUNTAIN,MOUNTAINS,TREE,TREES"
S03E06,03,06,Covered bridge,,"DECIDUOUS,PATH,STRUCTURE,TREE,TREES"
S03E07,03,07,Quiet inlet,,"DECIDUOUS,LAKE,MOUNTAIN,MOUNTAINS,TREE,TREES"
S03E08,03,08,Night light,,"CLIFF,CLOUDS,CUMULUS,LIGHTHOUSE,NIGHT,OCEAN,STRUCTURE,WAVES"
S03E09,03,09,The old mill,,"BUSHES,CABIN,CLOUDS,CUMULUS,DECIDUOUS,MILL,RIVER,STRUCTURE,TREE,TREES"
S03E10,03,10,Campfire,,"BUSHES,DECIDUOUS,FIRE,LAKE,PERSON,TREE,TREES"
S03E11,03,11,Rustic barn,,"DECIDUOUS,FENCE,LAKE,STRUCTURE,TREE,TREES"
S03E12,03,12,Hidden lake,,"BUSHES,CONIFER,DECIDUOUS,LAKE,MOUNTAIN,MOUNTAINS,TREE,TREES"
S03E13,03,13,Peaceful waters,,"CLOUDS,CONIFER,CUMULUS,DECIDUOUS,GUEST,LAKE,MOUNTAIN,SNOWY_MOUNTAIN,STEVE_ROSS,TREE,TREES"
S04E01,04,01,Purple splendor,,"CABIN,CONIFER,LAKE,SNOW,STRUCTURE,TREE,TREES,WINTER"
S04E02,04,02,Tranquil valley,,"BUSHES,CLOUDS,CUMULUS,DECIDUOUS,GRASS,LAKE,MOUNTAIN,MOUNTAINS,TREE,TREES"
S04E03,04,03,Majestic mountains,,"BUSHES,CONIFER,GRASS,MOUNTAIN,MOUNTAINS,SNOWY_MOUNTAIN,TREE,TREES"
S04E04,04,04,Winter sawscape,,"CABIN,CIRCLE_FRAME,CLOUDS,CONIFER,CUMULUS,DECIDUOUS,FRAMED,GUEST,LAKE,SNOW,STRUCTURE,TREE,TREES,WINTER"
S04E05,04,05,Evening seascape,,"CLIFF,CLOUDS,CONIFER,CUMULUS,OCEAN,ROCKS,TREE,TREES,WAVES"
S04E06,04,06,Warm summer day,,"BUSHES,DECIDUOUS,LAKE,TREE,TREES"
S04E07,04,07,Cabin in the woods,,"CABIN,DECIDUOUS,GRASS,PATH,STRUCTURE,TREE,TREES"
S04E08,04,08,Wetlands,,"CONIFER,DECIDUOUS,GRASS,LAKE,TREE,TREES"
S04E09,04,09,Cool waters,,"BUSHES,CLOUDS,CONIFER,LAKE,MOUNTAIN,MOUNTAINS,SNOWY_MOUNTAIN,TREE,TREES"
S04E10,04,10,Quiet woods,,"BUSHES,CONIFER,GRASS,RIVER,TREE,TREES"
S04E11,04,11,Northwest majesty,,"CLOUDS,CONIFER,CUMULUS,DIANE_ANDRE,GUEST,MOUNTAIN,MOUNTAINS,SNOWY_MOUNTAIN,TREE,TREES"
S04E12,04,12,Autumn days,,"DECIDUOUS,GRASS,HILLS,LAKE,TREE,TREES"
S04E13,04,13,Mountain challenge,,"CONIFER,GRASS,LAKE,MOUNTAIN,SNOWY_MOUNTAIN,TREE"
S05E01,05,01,Mountain waterfall,,"BUSHES,CLOUDS,CONIFER,CUMULUS,LAKE,MOUNTAIN,MOUNTAINS,SNOWY_MOUNTAIN,TREE,TREES,WATERFALL"
S05E02,05,02,Twilight meadow,,"CLOUDS,CUMULUS,DECIDUOUS,GRASS,LAKE,TREE,TREES"
S05E03,05,03,Mountain blossoms,,"CONIFER,FLOWERS,GUEST,MOUNTAIN,MOUNTAINS,SNOW,SNOWY_MOUNTAIN,TREE,TREES"
S05E04,05,04,Winter stillness,,"CONIFER,DECIDUOUS,LAKE,SNOW,TREE,TREES,WINTER"
S05E05,05,05,Quiet pond,,"DECIDUOUS,GRASS,LAKE,TREE,TREES"
S05E06,05,06,Ocean sunrise,,"CLOUDS,GRASS,GUEST,OCEAN,SUN"
S05E07,05,07,Bubbling brook,,"DECIDUOUS,GRASS,RIVER,ROCKS,TREE,TREES"
S05E08,05,08,Arizona splendor,,"DECIDUOUS,GRASS,MOUNTAIN,MOUNTAINS,RIVER,TREE,TREES"
S05E09,05,09,Anatomy of a wave,,"GUEST,OCEAN,WAVES"
S05E10,05,10,The windmill,,"CLOUDS,DECIDUOUS,PATH,STRUCTURE,TREE,WINDMILL"
S05E11,05,11,Autumn glory,,"BUSHES,CLOUDS,CUMULUS,DECIDUOUS,GRASS,LAKE,MOUNTAIN,ROCKS,SNOWY_MOUNTAIN,TREE,TREES"
S05E12,05,12,Indian girl,,"GUEST,PORTRAIT"
S05E13,05,13,Meadow stream,,"CLOUDS,DECIDUOUS,GRASS,RIVER,ROCKS,STRUCTURE,TREE,TREES"
S06E01,06,01,Blue river,,"BUSHES,CONIFER,DECIDUOUS,GRASS,HILLS,RIVER,TREE,TREES"
S06E02,06,02,Natures edge,,"BUSHES,CABIN,CLOUDS,DECIDUOUS,FOG,GRASS,LAKE,STRUCTURE,TREE,TREES"
S06E03,06,03,Morning mist,,"CLOUDS,CONIFER,FOG,LAKE,MOUNTAIN,SNOWY_MOUNTAIN,TREE,TREES"
S06E04,06,04,Whispering stream,,"DECIDUOUS,GRASS,RIVER,ROCKS,TREE,TREES"
S06E05,06,05,Secluded forest,,"BUSHES,DECIDUOUS,RIVER,TREE,TREES"
S06E06,06,06,Snow trail,,"CLOUDS,CONIFER,CUMULUS,GRASS,SNOW,TREE,TREES"
S06E07,06,07,Arctic beauty,,"CIRRUS,CLOUDS,CONIFER,GRASS,MOUNTAIN,MOUNTAINS,RIVER,SNOWY_MOUNTAIN,TREE,TREES,WATERFALL"
S06E08,06,08,Horizons west,,"BUSHES,CONIFER,LAKE,MOUNTAIN,SNOWY_MOUNTAIN,TREE,TREES"
S06E09,06,09,High chateau,,"BUSHES,CABIN,CLOUDS,CONIFER,CUMULUS,GRASS,ROCKS,TREE,TREES"
S06E10,06,10,Country life,,"CIRRUS,CLOUDS,FENCE,GRASS"
S06E11,06,11,Western expanse,,"CIRRUS,CLOUDS,DECIDUOUS,MOUNTAIN,MOUNTAINS,RIVER,TREE"
S06E12,06,12,Marshlands,,"BUSHES,CLOUDS,DECIDUOUS,LAKE,TREE,TREES"
S06E13,06,13,Blaze of color,,"CLOUDS,CONIFER,DECIDUOUS,GRASS,HILLS,RIVER,TREE,TREES"
S07E01,07,01,Winter cabin,,"CABIN,CLOUDS,DECIDUOUS,SNOW,STRUCTURE,TREE,WINTER"
S07E02,07,02,Secluded lake,,"CLOUDS,DECIDUOUS,GRASS,LAKE,ROCKS,TREE,TREES"
S07E03,07,03,Evergreens at sunset,,"CIRRUS,CLOUDS,CONIFER,DECIDUOUS,RIVER,SUN,TREE,TREES"
S07E04,07,04,Mountain cabin,,"CABIN,CLOUDS,CONIFER,CUMULUS,DECIDUOUS,MOUNTAIN,MOUNTAINS,RIVER,SNOWY_MOUNTAIN,STRUCTURE,TREE,TREES"
S07E05,07,05,Portrait of sally,,"GUEST,PORTRAIT"
S07E06,07,06,Misty waterfall,,"BUSHES,CLOUDS,CUMULUS,DECIDUOUS,LAKE,RIVER,TREE,TREES,WATERFALL"
S07E07,07,07,Barn at sunset,,"CLOUDS,CUMULUS,DECIDUOUS,PATH,SNOW,STRUCTURE,TREE,TREES"
S07E08,07,08,Mountain splendor,,"BUSHES,DECIDUOUS,MOUNTAIN,RIVER,SNOWY_MOUNTAIN,TREE,TREES"
S07E09,07,09,Lake by mountain,,"BUSHES,CLOUDS,CUMULUS,DECIDUOUS,GUEST,LAKE,MOUNTAIN,SNOWY_MOUNTAIN,STEVE_ROSS,TREE,TREES"
S07E10,07,10,Mountain glory,,"CLOUDS,CONIFER,GRASS,MOUNTAIN,MOUNTAINS,SNOWY_MOUNTAIN,TREE,TREES"
S07E11,07,11,Grey winter,,"BUSHES,CLOUDS,LAKE,SNOW,TREE,TREES,WINTER"
S07E12,07,12,Dock scene,,"CLOUDS,CUMULUS,DECIDUOUS,DOCK,LAKE,STRUCTURE,TREE"
S07E13,07,13,Dark waterfall,,"BUSHES,DECIDUOUS,RIVER,TREE,TREES,WATERFALL"
S08E01,08,01,Misty rolling hills,,"CONIFER,FOG,GRASS,MOUNTAIN,MOUNTAINS,TREE,TREES"
S08E02,08,02,Lakeside cabin,,"BUSHES,CABIN,CIRCLE_FRAME,CLOUDS,DECIDUOUS,FRAMED,GRASS,LAKE,STRUCTURE,TREE,TREES"
S08E03,08,03,Warm winter day,,"CABIN,DECIDUOUS,GRASS,SNOW,STRUCTURE,SUN,TREE,TREES,WINTER"
S08E04,08,04,Waterside way,,"BUSHES,DECIDUOUS,GRASS,LAKE,PATH,ROCKS,TREE,TREES"
S08E05,08,05,Hunters haven,,"CABIN,CIRRUS,CLOUDS,CONIFER,DECIDUOUS,PATH,RIVER,ROCKS,STRUCTURE,TREE,TREES"
S08E06,08,06,Bubbling mountain brook,,"BUSHES,CLOUDS,CONIFER,GRASS,MOUNTAIN,MOUNTAINS,RIVER,TREE,TREES"
S08E07,08,07,Winter hideaway,,"CABIN,CONIFER,DECIDUOUS,FENCE,SNOW,STRUCTURE,TREE,TREES,WINTER"
S08E08,08,08,Foot of the mountain,,"CONIFER,DECIDUOUS,GRASS,MOUNTAIN,MOUNTAINS,RIVER,SNOWY_MOUNTAIN,TREE,TREES"
S08E09,08,09,Majestic pine,,"BUSHES,CLOUDS,CONIFER,FRAMED,RECTANGULAR_FRAME,TREE,TREES"
S08E10,08,10,Cactus at sunset,,"CACTUS,CLOUDS,PATH,ROCKS"
S08E11,08,11,Mountain range,,"CLOUDS,CONIFER,CUMULUS,DECIDUOUS,GUEST,LAKE,MOUNTAIN,MOUNTAINS,SNOWY_MOUNTAIN,STEVE_ROSS,TREE,TREES"
S08E12,08,12,Lonely retreat,,"CABIN,CLOUDS,CONIFER,SNOW,STRUCTURE,TREE,WINTER"
S08E13,08,13,Northern lights,,"AURORA_BOREALIS,CABIN,CONIFER,DECIDUOUS,LAKE,MOUNTAIN,NIGHT,SNOW,SNOWY_MOUNTAIN,STRUCTURE,TREE,TREES,WINTER"
S09E01,09,01,Winter evergreens,,"CIRRUS,CLOUDS,CONIFER,MOUNTAIN,MOUNTAINS,SNOW,SNOWY_MOUNTAIN,SUN,TREE,TREES,WINTER"
S09E02,09,02,Surfs up,,"CLIFF,CLOUDS,CUMULUS,OCEAN,ROCKS,WAVES"
S09E03,09,03,Red sunset,,"BUSHES,CLOUDS,CONIFER,LAKE,TREE,TREES"
S09E04,09,04,Meadow road,,"BUSHES,CLOUDS,CONIFER,CUMULUS,DECIDUOUS,GRASS,MOUNTAIN,MOUNTAINS,PATH,SNOWY_MOUNTAIN,TREE,TREES"
S09E05,09,05,Winter oval,,"BUSHES,CABIN,CONIFER,FOG,FRAMED,MOUNTAIN,OVAL_FRAME,RIVER,SNOWY_MOUNTAIN,STRUCTURE,TREE,TREES"
S09E06,09,06,Secluded beach,,"CLOUDS,CUMULUS,OCEAN,ROCKS,WAVES"
S09E07,09,07,Forest hills,,"BUSHES,CONIFER,DECIDUOUS,MOUNTAIN,MOUNTAINS,RIVER,ROCKS,SNOWY_MOUNTAIN,TREE,TREES"
S09E08,09,08,Little house bytheroad,,"CABIN,DECIDUOUS,FENCE,MOUNTAIN,PATH,STRUCTURE,TREE,TREES"
S09E09,09,09,Mountain path,,"BUSHES,CLOUDS,MOUNTAIN,RIVER,SNOWY_MOUNTAIN,TREE,TREES"
S09E11,09,11,Natures paradise,,"BUSHES,CLOUDS,CUMULUS,DECIDUOUS,GRASS,MOUNTAIN,MOUNTAINS,RIVER,TREE,TREES"
S09E12,09,12,Mountainbythesea,,"BUSHES,CLOUDS,CUMULUS,DECIDUOUS,MOUNTAIN,OCEAN,SNOWY_MOUNTAIN,TREE,WAVES"
S09E13,09,13,Mountain hideaway,,"CIRRUS,CLOUDS,CONIFER,DECIDUOUS,GRASS,MOUNTAIN,MOUNTAINS,RIVER,SNOWY_MOUNTAIN,TREE,TREES"
S10E01,10,01,Towering peaks,,"BUSHES,CLOUDS,CONIFER,CUMULUS,DECIDUOUS,HILLS,LAKE,MOUNTAIN,SNOWY_MOUNTAIN,TREE,TREES"
S10E02,10,02,Cabin at sunset,,"CABIN,CLOUDS,CONIFER,FENCE,GRASS,STRUCTURE,TREE,TREES"
S10E03,10,03,Twin falls,,"CLOUDS,CONIFER,DECIDUOUS,GRASS,HILLS,RIVER,ROCKS,TREE,TREES,WATERFALL"
S10E04,10,04,Secluded bridge,,"DECIDUOUS,RIVER,ROCKS,STRUCTURE,TREE,TREES"
S10E05,10,05,Ocean breeze,,"CLOUDS,CUMULUS,OCEAN,ROCKS,WAVES"
S10E06,10,06,Autumn woods,,"BUSHES,CLOUDS,CONIFER,CUMULUS,DECIDUOUS,LAKE,MOUNTAIN,MOUNTAINS,SNOWY_MOUNTAIN,TREE,TREES"
S10E07,10,07,Winter solitude,,"BUSHES,DECIDUOUS,SNOW,TREE,TREES,WINTER"
S10E08,10,08,Golden sunset,,"DECIDUOUS,LAKE,SNOW,SUN,TREE,TREES"
S10E09,10,09,Mountain oval,,"BUSHES,CIRRUS,CLOUDS,CONIFER,DECIDUOUS,FRAMED,GUEST,LAKE,MOUNTAIN,MOUNTAINS,OVAL_FRAME,SNOWY_MOUNTAIN,STEVE_ROSS,TREE,TREES"
S10E10,10,10,Ocean sunset,,"CLOUDS,OCEAN,ROCKS,WAVES"
S10E11,10,11,Triple view,,"CABIN,CONIFER,DECIDUOUS,FRAMED,GRASS,MOUNTAIN,MOUNTAINS,PATH,SNOWY_MOUNTAIN,STRUCTURE,TREE,TREES,TRIPLE_FRAME"
S10E12,10,12,Winter frost,,"CLOUDS,CONIFER,DECIDUOUS,MOUNTAIN,MOUNTAINS,SNOW,SNOWY_MOUNTAIN,SUN,TREE,TREES,WINTER"
S10E13,10,13,Lakeside cabin,,"CABIN,CLOUDS,CUMULUS,DECIDUOUS,GRASS,LAKE,PATH,ROCKS,STRUCTURE,TREE,TREES"
S11E01,11,01,Mountain stream,,"CONIFER,GRASS,MOUNTAIN,RIVER,SNOWY_MOUNTAIN,TREE,TREES"
S11E02,11,02,Country cabin,,"BUSHES,CABIN,CLOUDS,CONIFER,DECIDUOUS,SNOW,STRUCTURE,TREE,TREES,WINTER"
S11E03,11,03,Daisy delight,,"CONIFER,FENCE,FLOWERS,TREE,TREES"
S11E04,11,04,Hidden stream,,"BUSHES,CLOUDS,DECIDUOUS,RIVER,TREE,TREES,WATERFALL"
S11E05,11,05,Towering glacier,,"CLOUDS,CONIFER,CUMULUS,GRASS,MOUNTAIN,RIVER,ROCKS,SNOWY_MOUNTAIN,TREE,TREES,WATERFALL"
S11E06,11,06,Oval barn,,"BUSHES,CLOUDS,CUMULUS,DECIDUOUS,FRAMED,OVAL_FRAME,SNOW,STRUCTURE,TREE,TREES,WINTER"
S11E07,11,07,Lakeside path,,"BUSHES,CLOUDS,CONIFER,CUMULUS,DECIDUOUS,GRASS,LAKE,PATH,ROCKS,TREE,TREES"
S11E08,11,08,Sunset oval,,"BUSHES,CLOUDS,CONIFER,CUMULUS,DECIDUOUS,FRAMED,LAKE,MOUNTAIN,OVAL_FRAME,SNOWY_MOUNTAIN,TREE,TREES"
S11E09,11,09,Winter barn,,"CIRRUS,CLOUDS,DECIDUOUS,SNOW,STRUCTURE,TREE,TREES,WINTER"
S11E10,11,10,Sunset over the waves,,"CLOUDS,OCEAN,ROCKS,SUN,WAVES"
S11E11,11,11,Golden glow,,"CLOUDS,CONIFER,LAKE,SNOW,TREE,TREES,WATERFALL"
S11E12,11,12,Roadside barn,,"CLOUDS,CUMULUS,DECIDUOUS,FENCE,LAKE,PATH,STRUCTURE,TREE,TREES"
S11E13,11,13,Happy accident,,"BUSHES,DECIDUOUS,GRASS,RIVER,ROCKS,TREE,TREES"
S12E01,12,01,Golden knoll,,"CABIN,DECIDUOUS,FOG,GRASS,STRUCTURE,SUN,TREE"
S12E02,12,02,Mountain reflections,,"BUSHES,CLOUDS,CONIFER,CUMULUS,MOUNTAIN,MOUNTAINS,RIVER,ROCKS,SNOWY_MOUNTAIN,TREE,TREES"
S12E03,12,03,Secluded mountain,,"CLOUDS,CONIFER,CUMULUS,DECIDUOUS,GRASS,LAKE,MOUNTAIN,ROCKS,TREE,TREES"
S12E04,12,04,Bright autumn trees,,"BUSHES,DECIDUOUS,PATH,RIVER,TREE,TREES"
S12E05,12,05,Black seascape,,"CLOUDS,CUMULUS,NIGHT,OCEAN,ROCKS,WAVES"
S12E06,12,06,Steep mountains,,"BUSHES,CABIN,CIRRUS,CLOUDS,CONIFER,DECIDUOUS,GRASS,LAKE,MOUNTAIN,MOUNTAINS,STRUCTURE,TREE,TREES"
S12E07,12,07,Quiet mountain river,,"BUSHES,CLOUDS,CONIFER,CUMULUS,DECIDUOUS,GRASS,MOUNTAIN,RIVER,SNOWY_MOUNTAIN,TREE,TREES"
S12E08,12,08,Evening waterfall,,"CONIFER,GRASS,RIVER,TREE,TREES,WATERFALL"
S12E09,12,09,Tropical seascape,,"CIRRUS,CLOUDS,OCEAN,PALM_TREES,WAVES"
S12E10,12,10,Mountain at sunset,,"BUSHES,CLOUDS,CONIFER,DECIDUOUS,GRASS,MOUNTAIN,RIVER,SNOWY_MOUNTAIN,TREE,TREES"
S12E11,12,11,Soft mountain glow,,"BUSHES,CONIFER,GRASS,MOUNTAIN,RIVER,SNOWY_MOUNTAIN,TREE,TREES"
S12E12,12,12,Mountain in an oval,,"BUSHES,CLOUDS,CONIFER,CUMULUS,DECIDUOUS,FRAMED,GRASS,MOUNTAIN,MOUNTAINS,OVAL_FRAME,RIVER,SUN,TREE,TREES"
S12E13,12,13,Winter mountain,,"CONIFER,MOUNTAIN,MOUNTAINS,RIVER,SNOW,SNOWY_MOUNTAIN,TREE,TREES,WINTER"
S13E01,13,01,Rolling hills,,"BUSHES,DECIDUOUS,GRASS,HILLS,LAKE,TREE,TREES"
S13E02,13,02,Frozen solitude,,"BUSHES,CABIN,CLOUDS,CONIFER,LAKE,MOUNTAIN,MOUNTAINS,SNOW,SNOWY_MOUNTAIN,STRUCTURE,TREE,TREES,WINTER"
S13E03,13,03,Meadow brook,,"CIRRUS,CLOUDS,DECIDUOUS,FRAMED,GRASS,MOUNTAIN,OVAL_FRAME,RIVER,TREE,TREES"
S13E04,13,04,Evening at sunset,,"BUSHES,CABIN,CIRRUS,CLOUDS,CONIFER,DECIDUOUS,RIVER,ROCKS,STRUCTURE,TREE,TREES"
S13E05,13,05,Mountain view,,"CLOUDS,DECIDUOUS,GRASS,MOUNTAIN,MOUNTAINS,RIVER,ROCKS,TREE,TREES"
S13E06,13,06,Hidden creek,,"DECIDUOUS,GRASS,RIVER,TREE,TREES"
S13E07,13,07,Peaceful haven,,"CLOUDS,CONIFER,CUMULUS,PATH,RIVER,TREE,TREES"
S13E08,13,08,Mountain exhibition,,"CLOUDS,CONIFER,CUMULUS,GRASS,MOUNTAIN,MOUNTAINS,RIVER,SNOWY_MOUNTAIN,TREE,TREES"
S13E09,13,09,Emerald waters,,"BUSHES,DECIDUOUS,LAKE,TREE,TREES"
S13E10,13,10,Mountain summit,,"BUSHES,CLOUDS,CONIFER,CUMULUS,DECIDUOUS,MOUNTAIN,RIVER,SNOWY_MOUNTAIN,TREE,TREES"
S13E11,13,11,Cabin hideaway,,"CABIN,CONIFER,DECIDUOUS,LAKE,MOUNTAIN,MOUNTAINS,SNOW,STRUCTURE,TREE,TREES,WINTER"
S13E12,13,12,Oval essence,,"CLOUDS,CONIFER,FRAMED,NIGHT,OCEAN,OVAL_FRAME,ROCKS,TREE,TREES,WAVES"
S13E13,13,13,Lost lake,,"CONIFER,GRASS,LAKE,MOUNTAIN,MOUNTAINS,PATH,SNOWY_MOUNTAIN,TREE,TREES"
S14E01,14,01,Distant mountains,,"BUSHES,CLOUDS,CONIFER,CUMULUS,LAKE,MOUNTAIN,MOUNTAINS,PATH,SNOWY_MOUNTAIN,TREE,TREES"
S14E02,14,02,Meadow brook surprise,,"CONIFER,GRASS,RIVER,TREE,TREES"
S14E03,14,03,Mountain moonlight oval,,"CONIFER,DECIDUOUS,FRAMED,GRASS,MOUNTAIN,MOUNTAINS,NIGHT,OVAL_FRAME,TREE,TREES"
S14E04,14,04,Snowy solitude,,"CIRRUS,CLOUDS,DECIDUOUS,FENCE,SNOW,TREE,TREES,WINTER"
S14E05,14,05,Mountain river,,"BUSHES,CLOUDS,CONIFER,CUMULUS,FOG,FRAMED,MOUNTAIN,MOUNTAINS,RIVER,ROCKS,TOMB_FRAME,TREE,TREES"
S14E06,14,06,Graceful mountains,,"CIRRUS,CLOUDS,CONIFER,DECIDUOUS,MOUNTAIN,MOUNTAINS,RIVER,SNOWY_MOUNTAIN,TREE,TREES"
S14E07,14,07,Windy waves,,"CLOUDS,CUMULUS,GRASS,OCEAN,PALM_TREES,WAVES"
S14E08,14,08,On a clear day,,"CONIFER,MOUNTAIN,RIVER,SNOW,SNOWY_MOUNTAIN,SUN,TREE,TREES,WINTER"
S14E09,14,09,Riverside escape oval,,"CLOUDS,CUMULUS,DECIDUOUS,FRAMED,OVAL_FRAME,PATH,RIVER,TREE,TREES"
S14E10,14,10,Surprising falls,,"CIRRUS,CLOUDS,DECIDUOUS,GUEST,LAKE,MOUNTAIN,MOUNTAINS,SNOWY_MOUNTAIN,STEVE_ROSS,TREE,WATERFALL"
S14E11,14,11,Shadow pond,,"DECIDUOUS,GRASS,LAKE,TREE,TREES"
S14E12,14,12,Misty forest oval,,"CLOUDS,DECIDUOUS,FOG,FRAMED,GRASS,OVAL_FRAME,TREE,TREES"
S14E13,14,13,Natural wonder,,"CLOUDS,CONIFER,CUMULUS,DECIDUOUS,GRASS,LAKE,MOUNTAIN,SNOWY_MOUNTAIN,TREE,TREES"
S15E01,15,01,Splendor of winter,,"BUSHES,CIRRUS,CLOUDS,CONIFER,DECIDUOUS,SNOW,SUN,TREE,TREES,WINTER"
S15E02,15,02,Colors of nature,,"CLOUDS,CUMULUS,DECIDUOUS,GRASS,RIVER,TREE,TREES"
S15E03,15,03,Grandpas barn,,"DECIDUOUS,FENCE,GRASS,PATH,STRUCTURE,TREE,TREES"
S15E05,15,05,Hidden winter moon oval,,"CABIN,CIRRUS,CLOUDS,CONIFER,FRAMED,LAKE,MOUNTAIN,MOUNTAINS,OVAL_FRAME,SNOWY_MOUNTAIN,STRUCTURE,TREE,TREES,WINTER"
S15E06,15,06,Waves of wonder,,"CLOUDS,CUMULUS,OCEAN,ROCKS,WAVES"
S15E07,15,07,Cabin by the pond,,"CABIN,CLOUDS,CONIFER,DECIDUOUS,GRASS,LAKE,STRUCTURE,TREE,TREES"
S15E08,15,08,Fall stream,,"CLOUDS,CUMULUS,DECIDUOUS,GRASS,MOUNTAIN,MOUNTAINS,RIVER,ROCKS,TREE,TREES"
S15E09,15,09,Christmas eve snow,,"CABIN,CLOUDS,CONIFER,CUMULUS,MOUNTAIN,MOUNTAINS,SNOW,SNOWY_MOUNTAIN,STRUCTURE,TREE,TREES,WINTER"
S15E10,15,10,Forest dawn oval,,"BUSHES,DECIDUOUS,FRAMED,GRASS,OVAL_FRAME,PATH,TREE,TREES"
S15E11,15,11,Pathway to autumn,,"CABIN,DECIDUOUS,GRASS,PATH,STRUCTURE,TREE,TREES"
S15E12,15,12,Deep forest lake,,"DECIDUOUS,LAKE,ROCKS,TREE,TREES"
S15E13,15,13,Peaks of majesty,,"CIRRUS,CLOUDS,CONIFER,GRASS,LAKE,MOUNTAIN,MOUNTAINS,TREE,TREES"
S16E01,16,01,Two seasons,,"CLOUDS,CONIFER,CUMULUS,DECIDUOUS,FOG,LAKE,MOUNTAIN,SNOWY_MOUNTAIN,TREE,TREES"
S16E02,16,02,Nestled cabin,,"CABIN,DECIDUOUS,GRASS,PATH,STRUCTURE,TREE,TREES"
S16E03,16,03,Wintertime discovery,,"CABIN,CLOUDS,CONIFER,DECIDUOUS,SNOW,STRUCTURE,TREE,TREES,WINTER"
S16E04,16,04,Mountain mirage,,"BUSHES,CLOUDS,CONIFER,CUMULUS,FOG,SNOW,TREE,TREES,WINTER"
S16E05,16,05,Double oval fantasy,,"BUSHES,CLOUDS,CONIFER,CUMULUS,DOUBLE_OVAL_FRAME,FRAMED,LAKE,MOUNTAIN,MOUNTAINS,SNOWY_MOUNTAIN,TREE,TREES"
S16E06,16,06,Contemplative lady,,"GUEST,PORTRAIT"
S16E07,16,07,Deep woods,,"CONIFER,RIVER,ROCKS,TREE,TREES,WATERFALL"
S16E08,16,08,High tide,,"CLOUDS,OCEAN,PALM_TREES,WAVES"
S16E09,16,09,Barn in snow oval,,"CONIFER,FENCE,FRAMED,OVAL_FRAME,SNOW,STRUCTURE,TREE,TREES,WINTER"
S16E10,16,10,That time of year,,"CLOUDS,DECIDUOUS,GUEST,HILLS,LAKE,STEVE_ROSS,TREE,TREES"
S16E11,16,11,Waterfall wonder,,"BUSHES,DECIDUOUS,RIVER,ROCKS,TREE,TREES,WATERFALL"
S16E12,16,12,Mighty mountain lake,,"CLOUDS,CUMULUS,FLOWERS,GRASS,LAKE,MOUNTAIN,SNOWY_MOUNTAIN"
S16E13,16,13,Wooded stream oval,,"DECIDUOUS,FRAMED,OVAL_FRAME,RIVER,ROCKS,TREE,TREES"
S17E01,17,01,Golden mist oval,,"CONIFER,FOG,FRAMED,OVAL_FRAME,RIVER,TREE,TREES"
S17E02,17,02,The old home place,,"CABIN,DECIDUOUS,FENCE,GRASS,PATH,STRUCTURE,TREE"
S17E03,17,03,Soothing vista,,"DECIDUOUS,GRASS,LAKE,MOUNTAIN,MOUNTAINS,TREE,TREES"
S17E04,17,04,Stormy seas,,"CLOUDS,CUMULUS,OCEAN,ROCKS,SUN,WAVES"
S17E05,17,05,Country time,,"CABIN,DECIDUOUS,FLOWERS,FRAMED,LAKE,OVAL_FRAME,STRUCTURE,TREE"
S17E06,17,06,A mild winters day,,"CLOUDS,CONIFER,DECIDUOUS,RIVER,SNOW,TREE,TREES,WINTER"
S17E07,17,07,Spectacular waterfall,,"CONIFER,MOUNTAIN,MOUNTAINS,RIVER,ROCKS,TREE,TREES,WATERFALL"
S17E08,17,08,View from the park,,"APPLE_FRAME,BUILDING,DECIDUOUS,FRAMED,LAKE,STRUCTURE,TREE,TREES"
S17E09,17,09,Lake view,,"CONIFER,DECIDUOUS,FLOWERS,GRASS,GUEST,HILLS,LAKE,STEVE_ROSS,TREE,TREES"
S17E10,17,10,Old country mill,,"DECIDUOUS,MILL,RIVER,ROCKS,STRUCTURE,TREE,WATERFALL"
S17E11,17,11,Morning walk,,"DECIDUOUS,FOG,PATH,TREE,TREES"
S17E12,17,12,Natures splendor,,"CONIFER,GRASS,MOUNTAIN,RIVER,SNOWY_MOUNTAIN,TREE,TREES"
S17E13,17,13,Mountain beauty,,"CUMULUS,FLOWERS,GRASS,GUEST,HILLS,LAKE,MOUNTAIN,SNOWY_MOUNTAIN,TREE,TREES"
S18E01,18,01,Halfoval vignette,,"BUSHES,CLOUDS,CONIFER,CUMULUS,FRAMED,HALF_OVAL_FRAME,LAKE,MOUNTAIN,MOUNTAINS,TREE,TREES"
S18E02,18,02,Absolutely autumn,,"BUSHES,CLOUDS,CUMULUS,DECIDUOUS,GRASS,RIVER,TREE,TREES"
S18E03,18,03,Mountain seclusion,,"CABIN,CLOUDS,CONIFER,MOUNTAIN,MOUNTAINS,RIVER,SNOW,STRUCTURE,TREE,TREES,WINTER"
S18E04,18,04,Crimson oval,,"DECIDUOUS,GRASS,RIVER,TREE,TREES,WATERFALL"
S18E05,18,05,Autumn exhibition,,"DECIDUOUS,GRASS,LAKE,TREE,TREES"
S18E06,18,06,Majestic peaks,,"BUSHES,CONIFER,LAKE,MOUNTAIN,MOUNTAINS,SNOWY_MOUNTAIN,TREE,TREES"
S18E07,18,07,Golden morning mist,,"DECIDUOUS,FOG,GRASS,RIVER,TREE,TREES"
S18E08,18,08,Winter lace,,"CLOUDS,CUMULUS,DECIDUOUS,FRAMED,HALF_CIRCLE_FRAME,LAKE,SNOW,TREE,TREES,WINTER"
S18E09,18,09,Seascape fantasy,,"CIRRUS,CLOUDS,OCEAN,WAVES"
S18E10,18,10,Double oval stream,,"BUSHES,DECIDUOUS,FRAMED,RIVER,TREE,TREES"
S18E11,18,11,Enchanted forest,,"DECIDUOUS,PATH,TREE,TREES"
S18E12,18,12,Southwest serenity,,"CACTUS,CIRRUS,CLOUDS,MOUNTAIN,MOUNTAINS,PATH"
S18E13,18,13,Rippling waters,,"DECIDUOUS,RIVER,ROCKS,SUN,TREE,TREES,WATERFALL"
S19E01,19,01,Snowfall magic,,"DECIDUOUS,RIVER,SNOW,TREE,TREES,WINTER"
S19E02,19,02,Quiet mountain lake,,"CLOUDS,CUMULUS,DECIDUOUS,GRASS,LAKE,MOUNTAIN,TREE,TREES"
S19E03,19,03,Final embers of sunlight,,"DECIDUOUS,FRAMED,OVAL_FRAME,RIVER,SUN,TREE,TREES"
S19E04,19,04,Snowy morn,,"CABIN,CONIFER,SNOW,STRUCTURE,TREE,TREES,WINTER"
S19E05,19,05,Campers haven,,"BUSHES,CONIFER,GRASS,LAKE,MOUNTAIN,MOUNTAINS,TREE,TREES"
S19E06,19,06,Waterfall in the woods,,"DECIDUOUS,GRASS,RIVER,ROCKS,TREE,TREES,WATERFALL"
S19E07,19,07,Covered bridge oval,,"CONIFER,FENCE,FRAMED,OVAL_FRAME,RIVER,SNOW,STRUCTURE,TREE,TREES,WINTER"
S19E08,19,08,Scenic seclusion,,"BUSHES,CONIFER,DECIDUOUS,GRASS,MOUNTAIN,RIVER,TREE,TREES,WATERFALL"
S19E09,19,09,Ebb tide,,"CLOUDS,CUMULUS,OCEAN,ROCKS,SUN,WAVES"
S19E10,19,10,After the rain,,"DECIDUOUS,PATH,TREE,TREES"
S19E11,19,11,Winters elegance,,"CLOUDS,CUMULUS,DECIDUOUS,LAKE,ROCKS,SNOW,TREE,TREES,WINTER"
S19E12,19,12,Evenings peace,,"CONIFER,DECIDUOUS,FENCE,MOON,NIGHT,SNOW,STRUCTURE,TREE,TREES,WINTER"
S19E13,19,13,Valley of tranquility,,"BUSHES,CLOUDS,CONIFER,CUMULUS,GRASS,MOUNTAIN,MOUNTAINS,RIVER,SNOWY_MOUNTAIN,TREE,TREES,WATERFALL"
S20E01,20,01,Mystic mountain,,"CLOUDS,CONIFER,CUMULUS,DECIDUOUS,LAKE,MOUNTAIN,SNOWY_MOUNTAIN,TREE,TREES"
S20E02,20,02,New days dawn,,"CONIFER,FENCE,GRASS,PATH,STRUCTURE,SUN,TREE,TREES"
S20E03,20,03,Pastel winter,,"CONIFER,DECIDUOUS,MOUNTAIN,MOUNTAINS,SNOW,SNOWY_MOUNTAIN,TREE,TREES,WINTER"
S20E04,20,04,Hazy day,,"DECIDUOUS,FOG,FRAMED,OVAL_FRAME,RIVER,ROCKS,TREE,TREES"
S20E05,20,05,Divine elegance,,"CLOUDS,CONIFER,CUMULUS,LAKE,MOUNTAIN,MOUNTAINS,ROCKS,SNOWY_MOUNTAIN,TREE,TREES"
S20E06,20,06,Cliffside,,"CLIFF,CLOUDS,OCEAN,ROCKS,WAVES"
S20E07,20,07,Autumn fantasy,,"CIRRUS,CLOUDS,CONIFER,MOUNTAIN,MOUNTAINS,RIVER,SNOWY_MOUNTAIN,TREE,TREES"
S20E08,20,08,The old oak tree,,"DECIDUOUS,GRASS,RIVER,TREE"
S20E09,20,09,Winters paradise,,"CLOUDS,CONIFER,CUMULUS,MOUNTAIN,RIVER,SNOW,SNOWY_MOUNTAIN,TREE,TREES,WINTER"
S20E10,20,10,Days gone by,,"BUSHES,CABIN,CONIFER,DECIDUOUS,PATH,STRUCTURE,TREE,TREES"
S20E11,20,11,Change of seasons,,"DECIDUOUS,MOUNTAIN,MOUNTAINS,RIVER,SNOWY_MOUNTAIN,TREE,TREES"
S20E12,20,12,Hidden delight,,"CABIN,CONIFER,DECIDUOUS,PATH,RIVER,SUN,TREE,TREES"
S20E13,20,13,Double take,,"BUSHES,CONIFER,FOG,LAKE,MOUNTAIN,MOUNTAINS,SNOW,SNOWY_MOUNTAIN,TREE,TREES,WINTER"
S21E01,21,01,Valley view,,"CONIFER,LAKE,MOUNTAIN,MOUNTAINS,SNOWY_MOUNTAIN,TREE,TREES"
S21E02,21,02,Tranquil dawn,,"CONIFER,DECIDUOUS,FOG,RIVER,SUN,TREE,TREES"
S21E03,21,03,Royal majesty,,"CLOUDS,CONIFER,MOUNTAIN,MOUNTAINS,RIVER,ROCKS,SNOWY_MOUNTAIN,TREE,TREES,WATERFALL"
S21E04,21,04,Serenity,,"DECIDUOUS,FLOWERS,RIVER,TREE,TREES,WATERFALL"
S21E05,21,05,Cabin at trails end,,"CABIN,DECIDUOUS,FRAMED,OVAL_FRAME,PATH,STRUCTURE,TREE,TREES"
S21E06,21,06,Mountain rhapsody,,"CONIFER,LAKE,MOUNTAIN,SNOW,SNOWY_MOUNTAIN,TREE,TREES,WINTER"
S21E07,21,07,Wilderness cabin,,"CABIN,CONIFER,LAKE,ROCKS,STRUCTURE,TREE,TREES"
S21E08,21,08,By the sea,,"CLIFF,CLOUDS,CUMULUS,DECIDUOUS,OCEAN,ROCKS,SUN,TREE,WAVES"
S21E09,21,09,Indian summer,,"BUSHES,CONIFER,TREE,TREES"
S21E10,21,10,Blue winter,,"CLOUDS,CONIFER,CUMULUS,MOUNTAIN,MOUNTAINS,RIVER,SNOW,SNOWY_MOUNTAIN,TREE,TREES,WINTER"
S21E11,21,11,Desert glow,,"CACTUS,CLOUDS,FRAMED,MOUNTAIN,OVAL_FRAME,PATH"
S21E12,21,12,Lone mountain,,"CONIFER,GRASS,LAKE,MOUNTAIN,SNOWY_MOUNTAIN,TREE,TREES"
S21E13,21,13,Floridas glory,,"FLORIDA_FRAME,OCEAN,PALM_TREES,WAVES"
S22E01,22,01,Autumn images,,"BUSHES,CLOUDS,CUMULUS,DECIDUOUS,FLOWERS,RIVER,TREE,TREES"
S22E02,22,02,Hint of springtime,,"BUSHES,CONIFER,MOUNTAIN,MOUNTAINS,RIVER,SNOWY_MOUNTAIN,TREE,TREES,WATERFALL"
S22E03,22,03,Around the bend,,"CONIFER,FLOWERS,RIVER,ROCKS,TREE,TREES"
S22E04,22,04,Countryside oval,,"CLOUDS,DECIDUOUS,FRAMED,GRASS,HILLS,OVAL_FRAME,RIVER,TREE,TREES"
S22E05,22,05,Russet winter,,"DECIDUOUS,SNOW,STRUCTURE,TREE,WINTER"
S22E06,22,06,Purple haze,,"BUSHES,DECIDUOUS,GRASS,RIVER,TREE,TREES,WATERFALL"
S22E07,22,07,Dimensions,,"CONIFER,FRAMED,MOUNTAIN,MOUNTAINS,RECTANGLE_3D_FRAME,RIVER,SNOWY_MOUNTAIN,TREE,TREES"
S22E08,22,08,Deep wilderness home,,"CABIN,CLIFF,DECIDUOUS,GRASS,RIVER,TREE,TREES,WATERFALL"
S22E09,22,09,Haven in the valley,,"CABIN,CONIFER,FRAMED,LAKE,MOUNTAIN,MOUNTAINS,OVAL_FRAME,PATH,SNOWY_MOUNTAIN,STRUCTURE,TREE,TREES"
S22E10,22,10,Wintertime blues,,"CLOUDS,CONIFER,CUMULUS,MOUNTAIN,MOUNTAINS,SNOW,TREE,TREES,WINTER"
S22E11,22,11,Pastel seascape,,"CLOUDS,FRAMED,OCEAN,OVAL_FRAME,SUN,WAVES"
S22E12,22,12,Country creek,,"CONIFER,RIVER,ROCKS,TREE,TREES"
S22E13,22,13,Silent forest,,"CONIFER,GRASS,RIVER,TREE,TREES"
S23E01,23,01,Frosty winter morn,,"CABIN,CONIFER,DECIDUOUS,FENCE,HILLS,SNOW,TREE,TREES,WINTER"
S23E02,23,02,Forest edge,,"BUSHES,DECIDUOUS,GRASS,PATH,TREE,TREES"
S23E03,23,03,Mountain ridge lake,,"CLOUDS,CONIFER,CUMULUS,GRASS,LAKE,MOUNTAIN,MOUNTAINS,TREE"
S23E04,23,04,Reflections of gold,,"CLOUDS,DECIDUOUS,FRAMED,OVAL_FRAME,RIVER,SNOW,SUN,TREE,TREES"
S23E05,23,05,Quiet cove,,"BUSHES,CONIFER,DECIDUOUS,HILLS,LAKE,ROCKS,TREE,TREES"
S23E06,23,06,Rivers peace,,"DECIDUOUS,GRASS,RIVER,TREE,TREES,WATERFALL"
S23E07,23,07,At dawns light,,"BUSHES,CONIFER,DECIDUOUS,LAKE,PATH,TREE,TREES"
S23E08,23,08,Valley waterfall,,"CONIFER,GRASS,MOUNTAIN,RIVER,ROCKS,SNOWY_MOUNTAIN,TREE,WATERFALL"
S23E09,23,09,Toward days end,,"BUSHES,CABIN,DECIDUOUS,FRAMED,GRASS,OVAL_FRAME,RIVER,STRUCTURE,TREE,TREES"
S23E10,23,10,Falls in the glen,,"CONIFER,DECIDUOUS,GRASS,MOUNTAIN,RIVER,TREE,TREES,WATERFALL"
S23E11,23,11,Frozen beauty in vignette,,"CABIN,CONIFER,DECIDUOUS,LAKE,SNOW,STRUCTURE,TREE,TREES,WINTER"
S23E12,23,12,Crimson tide,,"CLIFF,CLOUDS,OCEAN,ROCKS,SUN,WAVES"
S23E13,23,13,Winter bliss,,"BUSHES,DECIDUOUS,FRAMED,LAKE,MOUNTAIN,MOUNTAINS,OVAL_FRAME,SNOW,SNOWY_MOUNTAIN,TREE,WINTER"
S24E01,24,01,Gray mountain,,"BUSHES,CONIFER,MOUNTAIN,RIVER,SNOWY_MOUNTAIN,TREE,TREES"
S24E02,24,02,Wayside pond,,"DECIDUOUS,LAKE,TREE,TREES"
S24E03,24,03,Teton winter,,"CABIN,DECIDUOUS,MOUNTAIN,SNOW,SNOWY_MOUNTAIN,STRUCTURE,TREE,TREES,WINTER"
S24E04,24,04,Little home in the meadow,,"CABIN,CONIFER,DECIDUOUS,FRAMED,GRASS,OVAL_FRAME,STRUCTURE,TREE,TREES"
S24E05,24,05,A pretty autumn day,,"CLOUDS,CONIFER,DECIDUOUS,GRASS,MOUNTAIN,RIVER,ROCKS,SNOWY_MOUNTAIN,TREE,TREES"
S24E06,24,06,Mirrored images,,"CLOUDS,CONIFER,LAKE,MOUNTAIN,MOUNTAINS,ROCKS,TREE,TREES"
S24E07,24,07,Back country,,"BUSHES,DECIDUOUS,PATH,TREE,TREES"
S24E08,24,08,Graceful waterfall,,"CLIFF,DECIDUOUS,RIVER,ROCKS,TREE,TREES,WATERFALL"
S24E09,24,09,Icy lake,,"CONIFER,DECIDUOUS,FRAMED,GUEST,LAKE,OVAL_FRAME,SNOW,STEVE_ROSS,TREE,TREES,WINTER"
S24E10,24,10,Rowboat on the beach,,"CLOUDS,FRAMED,GRASS,HILLS,OCEAN,OVAL_FRAME,SUN,WAVES"
S24E11,24,11,Portrait of winter,,"BUSHES,CONIFER,LAKE,MOUNTAIN,MOUNTAINS,SNOW,SNOWY_MOUNTAIN,TREE,TREES,WINTER"
S24E12,24,12,The footbridge,,"CONIFER,DECIDUOUS,GRASS,RIVER,ROCKS,STRUCTURE,TREE,TREES"
S24E13,24,13,Snowbound cabin,,"CABIN,CLOUDS,CONIFER,DECIDUOUS,FENCE,SNOW,TREE,TREES,WINTER"
S25E01,25,01,Hideaway cove,,"BUSHES,CONIFER,LAKE,MOUNTAIN,SNOWY_MOUNTAIN,TREE,TREES"
S25E02,25,02,Enchanted falls oval,,"DECIDUOUS,FRAMED,OVAL_FRAME,RIVER,TREE,TREES,WATERFALL"
S25E03,25,03,Not quite spring,,"CONIFER,LAKE,MOUNTAIN,SNOW,SNOWY_MOUNTAIN,TREE,TREES,WINTER"
S25E04,25,04,Splashes of autumn,,"DECIDUOUS,LAKE,RIVER,TREE,TREES,WATERFALL"
S25E05,25,05,Summer in the mountain,,"BUSHES,CLOUDS,CONIFER,GUEST,LAKE,MOUNTAIN,MOUNTAINS,SNOWY_MOUNTAIN,STEVE_ROSS,TREE,TREES"
S25E06,25,06,Oriental falls,,"BUSHES,CONIFER,FOG,ROCKS,TREE,TREES,WATERFALL"
S25E07,25,07,Autumn palette,,"DECIDUOUS,FENCE,LAKE,TREE,TREES"
S25E08,25,08,Cypress swamp,,"DECIDUOUS,LAKE,TREE"
S25E09,25,09,Downstream view,,"CLOUDS,CONIFER,CUMULUS,DECIDUOUS,GRASS,RIVER,ROCKS,TREE,TREES"
S25E10,25,10,Just before the storm,,"CLOUDS,FRAMED,OCEAN,OVAL_FRAME,PALM_TREES,WAVES"
S25E11,25,11,Fishermans paradise,,"CABIN,CONIFER,LAKE,STRUCTURE,SUN,TREE,TREES"
S25E12,25,12,Desert hues,,"CACTUS,CIRRUS,CLOUDS,MOUNTAIN,PATH"
S25E13,25,13,The property line,,"BUSHES,DECIDUOUS,FENCE,SNOW,TREE,WINTER"
S26E01,26,01,In the stillness of morning,,"BUSHES,CONIFER,FOG,GRASS,RIVER,TREE,TREES"
S26E02,26,02,Delightful meadow home,,"CABIN,DECIDUOUS,FENCE,GRASS,PATH,STRUCTURE,TREE,TREES"
S26E03,26,03,First snow,,"CLOUDS,CONIFER,GRASS,MOUNTAIN,SNOW,SNOWY_MOUNTAIN,TREE,TREES,WINTER"
S26E04,26,04,Lake in the valley,,"BUSHES,DECIDUOUS,GRASS,LAKE,MOUNTAIN,PATH,SNOWY_MOUNTAIN,SUN,TREE,TREES"
S26E05,26,05,Trace of spring,,"BUSHES,CONIFER,DECIDUOUS,FLOWERS,GRASS,RIVER,TREE,TREES"
S26E06,26,06,Arctic winter day,,"CABIN,CLOUDS,CONIFER,LAKE,MOUNTAIN,MOUNTAINS,SNOW,SNOWY_MOUNTAIN,STRUCTURE,TREE,TREES,WINTER"
S26E07,26,07,Snow birch,,"DECIDUOUS,LAKE,SNOW,TREE,TREES,WINTER"
S26E08,26,08,Early autumn,,"CONIFER,DECIDUOUS,FRAMED,GRASS,LAKE,MOUNTAIN,OVAL_FRAME,TREE,TREES"
S26E09,26,09,Tranquil wooded stream,,"DECIDUOUS,RIVER,ROCKS,TREE,TREES"
S26E11,26,11,Storms a comin,,"CLOUDS,CUMULUS,HILLS,OCEAN,ROCKS,WAVES"
S26E12,26,12,Sunset aglow,,"CLOUDS,CONIFER,LAKE,MOUNTAIN,TREE,TREES"
S26E13,26,13,Evening at the falls,,"CONIFER,NIGHT,RIVER,TREE,TREES,WATERFALL"
S27E01,27,01,Twilight beauty,,"CONIFER,DECIDUOUS,FOG,FRAMED,LAKE,OVAL_FRAME,SUN,TREE,TREES"
S27E02,27,02,Anglers haven,,"CONIFER,LAKE,MOUNTAIN,MOUNTAINS,ROCKS,SNOWY_MOUNTAIN,TREE,TREES"
S27E03,27,03,Rustic winter woods,,"DECIDUOUS,SNOW,SUN,TREE,TREES,WINTER"
S27E04,27,04,Wilderness falls,,"BUSHES,CLOUDS,CONIFER,GRASS,MOUNTAIN,MOUNTAINS,RIVER,ROCKS,TREE,TREES,WATERFALL"
S27E05,27,05,Winter at the farm,,"CONIFER,FARM,FENCE,SNOW,STRUCTURE,TREE,TREES,WINTER"
S27E06,27,06,Daisies at dawn,,"CABIN,CONIFER,DECIDUOUS,FLOWERS,FRAMED,LAKE,OVAL_FRAME,STRUCTURE,TREE,TREES"
S27E07,27,07,Spectacular view,,"CABIN,CLOUDS,CONIFER,CUMULUS,MOUNTAIN,MOUNTAINS,PATH,STRUCTURE,TREE,TREES"
S27E08,27,08,Daybreak,,"CABIN,CONIFER,DECIDUOUS,FENCE,FOG,SNOW,STRUCTURE,TREE,TREES,WINTER"
S27E09,27,09,Island paradise,,"CLOUDS,FRAMED,HILLS,OCEAN,OVAL_FRAME,PALM_TREES,ROCKS,WAVES"
S27E10,27,10,Sunlight in the shadows,,"BUSHES,DECIDUOUS,GRASS,GUEST,RIVER,SUN,TREE,TREES"
S27E11,27,11,Splendor of a snowy white,,"CABIN,CONIFER,DECIDUOUS,MOUNTAIN,SNOW,SNOWY_MOUNTAIN,STRUCTURE,TREE,TREES,WINTER"
S27E12,27,12,Forest river,,"DECIDUOUS,GRASS,RIVER,SUN,TREE,TREES"
S27E13,27,13,Golden glow of morning,,"CONIFER,FOG,LAKE,ROCKS,SUN,TREE,TREES"
S28E01,28,01,Fishermans trail,,"BUSHES,CONIFER,LAKE,MOUNTAIN,MOUNTAINS,PATH,SNOWY_MOUNTAIN,TREE,TREES"
S28E02,28,02,To a warm winter,,"CONIFER,DECIDUOUS,HILLS,SNOW,STRUCTURE,SUN,TREE,TREES,WINTER"
S28E03,28,03,Under pastel skies,,"CLOUDS,CONIFER,MOUNTAIN,SNOWY_MOUNTAIN,TREE,TREES"
S28E04,28,04,Golden rays of sunlight,,"BUSHES,DECIDUOUS,SUN,TREE,TREES"
S28E05,28,05,Magic of fall,,"DECIDUOUS,FENCE,GRASS,TREE"
S28E06,28,06,Glacier lake,,"CONIFER,GRASS,LAKE,MOUNTAIN,ROCKS,SNOWY_MOUNTAIN,TREE,TREES"
S28E07,28,07,The old weathered barn,,"DECIDUOUS,GRASS,PATH,TREE,TREES"
S28E08,28,08,Deep forest falls,,"BUSHES,DECIDUOUS,RIVER,TREE,TREES,WATERFALL"
S28E09,28,09,Winters grace,,"CONIFER,FOG,MOUNTAIN,MOUNTAINS,SNOW,TREE,TREES,WINTER"
S28E10,28,10,Splendor of autumn,,"DECIDUOUS,FOG,GRASS,LAKE,SUN,TREE,TREES"
S28E11,28,11,Tranquil seas,,"CLOUDS,CUMULUS,OCEAN,SUN,WAVES"
S28E12,28,12,Mountain serenity,,"BUSHES,CONIFER,GRASS,LAKE,MOUNTAIN,SNOWY_MOUNTAIN,TREE,TREES"
S28E13,28,13,Home before nightfall,,"CABIN,CLOUDS,DECIDUOUS,GRASS,NIGHT,STRUCTURE,TREE,TREES"
S29E01,29,01,Island in the wilderness,,"BUSHES,CONIFER,LAKE,TREE,TREES"
S29E02,29,02,Autumn oval,,"BUSHES,CONIFER,FRAMED,LAKE,MOUNTAINS,OVAL_FRAME,TREE,TREES"
S29E03,29,03,Seasonal progression,,"BUSHES,CONIFER,FRAMED,GRASS,LAKE,MOUNTAIN,MOUNTAINS,SNOW,SNOWY_MOUNTAIN,SPLIT_FRAME,TREE,TREES,WINTER"
S29E04,29,04,Light at the summit,,"DECIDUOUS,GRASS,MOUNTAIN,MOUNTAINS,PATH,SUN,TREE,TREES"
S29E05,29,05,Countryside barn,,"DECIDUOUS,GRASS,PATH,STRUCTURE,TREE"
S29E06,29,06,Mountain lake falls,,"CLOUDS,CONIFER,CUMULUS,LAKE,MOUNTAIN,MOUNTAINS,RIVER,SNOWY_MOUNTAIN,TREE,TREES,WATERFALL"
S29E07,29,07,Cypress creek,,"DECIDUOUS,GRASS,RIVER,TREE,TREES"
S29E08,29,08,Trappers cabin,,"BUSHES,CABIN,CONIFER,DECIDUOUS,LAKE,MOUNTAIN,MOUNTAINS,STRUCTURE,TREE,TREES"
S29E09,29,09,Storm on the horizon,,"CLOUDS,GRASS,OCEAN,PALM_TREES,ROCKS,WAVES"
S29E10,29,10,Pot o posies,,"FLOWERS,GUEST"
S29E11,29,11,Perfect winters day,,"BUSHES,CABIN,CLOUDS,CONIFER,MOUNTAIN,SNOW,SNOWY_MOUNTAIN,STRUCTURE,TREE,TREES,WINTER"
S29E12,29,12,Auroras dance,,"AURORA_BOREALIS,CABIN,CONIFER,LAKE,NIGHT,SNOW,TREE,TREES,WINTER"
S29E13,29,13,The woodmans retreat,,"BUSHES,CONIFER,LAKE,MOUNTAIN,MOUNTAINS,SNOWY_MOUNTAIN,TREE,TREES"
S30E01,30,01,Babbling brook,,"BUSHES,DECIDUOUS,GRASS,RIVER,TREE,WATERFALL"
S30E02,30,02,Woodgrain view,,"DECIDUOUS,FRAMED,GRASS,LAKE,MOUNTAIN,SNOWY_MOUNTAIN,TREE,WOOD_FRAMED"
S30E03,30,03,Winters peace,,"CABIN,CLOUDS,CONIFER,LAKE,STRUCTURE,TREE,TREES"
S30E04,30,04,Wilderness trail,,"BUSHES,DECIDUOUS,PATH,TREE,TREES"
S30E05,30,05,Copper winter,,"CONIFER,DECIDUOUS,LAKE,TREE,TREES"
S30E06,30,06,Misty foothills,,"CLOUDS,CONIFER,CUMULUS,HILLS,LAKE,MOUNTAIN,TREE,TREES"
S30E07,30,07,Through the window,,"CONIFER,DECIDUOUS,FRAMED,SNOW,TREE,TREES,WINDOW_FRAME,WINTER"
S30E08,30,08,Home in the valley,,"CABIN,CLOUDS,CONIFER,CUMULUS,GRASS,LAKE,STRUCTURE,TREE,TREES"
S30E09,30,09,Mountains of grace,,"CIRRUS,CLOUDS,CONIFER,DECIDUOUS,GUEST,MOUNTAIN,MOUNTAINS,RIVER,SNOWY_MOUNTAIN,STEVE_ROSS,TREE,TREES"
S30E10,30,10,Seaside harmony,,"CLOUDS,OCEAN,ROCKS,WAVES"
S30E11,30,11,Cold spring day,,"BUSHES,CONIFER,LAKE,MOUNTAIN,MOUNTAINS,SNOWY_MOUNTAIN,TREE,TREES"
S30E12,30,12,Evenings glow,,"CABIN,CONIFER,DECIDUOUS,GRASS,PATH,SUN,TREE,TREES"
S30E13,30,13,Blue ridge falls,,"BUSHES,CONIFER,MOUNTAIN,RIVER,ROCKS,TREE,TREES,WATERFALL"
S31E01,31,01,Reflections of calm,,"CONIFER,LAKE,MOUNTAIN,MOUNTAINS,TREE,TREES"
S31E02,31,02,Before the snowfall,,"BUSHES,CABIN,CLOUDS,CONIFER,RIVER,STRUCTURE,TREE,TREES"
S31E03,31,03,Winding stream,,"CLOUDS,CONIFER,GRASS,RIVER,ROCKS,TREE,TREES"
S31E04,31,04,Tranquility cove,,"DECIDUOUS,GRASS,LAKE,ROCKS,TREE,TREES"
S31E05,31,05,Cabin in the hollow,,"CABIN,CONIFER,FRAMED,OVAL_FRAME,RIVER,SNOW,TREE,TREES,WINTER"
S31E06,31,06,View from clear creek,,"BUSHES,CONIFER,GRASS,MOUNTAIN,MOUNTAINS,RIVER,TREE,TREES"
S31E07,31,07,Bridge to autumn,,"DECIDUOUS,LAKE,PATH,STRUCTURE,TREE,TREES"
S31E08,31,08,Trails end,,"CLOUDS,DECIDUOUS,PATH,TREE,TREES"
S31E09,31,09,Evergreen valley,,"CONIFER,GRASS,MOUNTAIN,MOUNTAINS,ROCKS,SNOWY_MOUNTAIN,TREE,TREES"
S31E10,31,10,Balmy beach,,"FRAMED,OCEAN,PALM_TREES,ROCKS,SEASHELL_FRAME,WAVES"
S31E11,31,11,Lake at the ridge,,"CLOUDS,CONIFER,DECIDUOUS,GRASS,GUEST,LAKE,MOUNTAIN,MOUNTAINS,SNOWY_MOUNTAIN,STEVE_ROSS,TREE,TREES"
S31E12,31,12,In the midst of winter,,"CONIFER,DECIDUOUS,FOG,PATH,SNOW,STRUCTURE,TREE,TREES,WINTER"
S31E13,31,13,Wilderness day,,"DECIDUOUS,GRASS,MOUNTAIN,TREE,TREES"
